{
  "project_info": {
    "project_number": "860084392271",
    "project_id": "diutransportflutter",
    "storage_bucket": "diutransportflutter.firebasestorage.app"
  },
  "client": [
    {
      "client_info": {
        "mobilesdk_app_id": "1:860084392271:android:2b1f09919d8d4c15bc753a",
        "android_client_info": {
          "package_name": "com.example.diu_transport_flutter"
        }
      },
      "oauth_client": [],
      "api_key": [
        {
          "current_key": "AIzaSyAQ0aP1VJmFkW2DAXMFenTAk_uPegL8EXE"
        }
      ],
      "services": {
        "appinvite_service": {
          "other_platform_oauth_client": []
        }
      }
    }
  ],
  "configuration_version": "1"
}